residue,clusterID
MET-1,0
ASP-2,1
VAL-3,2
PHE-4,1
LEU-5,3
MET-6,1
ILE-7,4
ARG-8,1
ARG-9,5
HIS-10,1
LYS-11,6
THR-12,5
THR-13,5
ILE-14,4
PHE-15,7
THR-16,3
ASP-17,3
ALA-18,2
LYS-19,0
GLU-20,0
SER-21,8
SER-22,0
THR-23,7
VAL-24,7
PHE-25,9
GLU-26,7
LEU-27,7
LYS-28,9
ARG-29,9
ILE-30,7
VAL-31,7
GLU-32,9
GLY-33,9
ILE-34,7
LEU-35,7
LYS-36,9
ARG-37,9
PRO-38,9
PRO-39,9
ASP-40,10
GLU-41,9
GLN-42,9
ARG-43,11
LEU-44,12
TYR-45,13
LYS-46,14
ASP-47,15
ASP-48,16
GLN-49,14
LEU-50,14
LEU-51,12
ASP-52,7
ASP-53,9
GLY-54,17
LYS-55,7
THR-56,18
LEU-57,0
GLY-58,0
GLU-59,18
CYS-60,18
GLY-61,0
PHE-62,0
THR-63,1
SER-64,0
GLN-65,19
THR-66,1
ALA-67,1
ARG-68,1
PRO-69,20
GLN-70,21
ALA-71,1
PRO-72,22
ALA-73,1
THR-74,23
VAL-75,1
GLY-76,13
LEU-77,1
ALA-78,11
PHE-79,5
ARG-80,9
ALA-81,24
ASP-82,25
ASP-83,26
THR-84,27
PHE-85,28
GLU-86,5
ALA-87,29
LEU-88,30
CYS-89,1
ILE-90,31
GLU-91,1
PRO-92,32
PHE-93,33
SER-94,34
SER-95,35
PRO-96,36
PRO-97,37
GLU-98,38
LEU-99,39
PRO-100,39
ASP-101,39
VAL-102,40
MET-103,39
LYS-104,39
PRO-105,41
GLN-106,39
MET-17,42
TYR-18,5
VAL-19,43
LYS-20,44
LEU-21,45
ILE-22,46
SER-23,47
SER-24,48
ASP-25,6
GLY-26,49
HIS-27,6
GLU-28,5
PHE-29,50
LYS-32,51
ARG-33,52
GLU-34,53
HIS-35,54
ALA-36,55
LEU-37,56
THR-38,57
SER-39,58
GLY-40,59
THR-41,60
ILE-42,61
LYS-43,62
ALA-44,62
MET-45,63
LEU-46,42
SER-47,64
GLY-48,65
PRO-49,66
ASN-58,5
VAL-60,67
ASN-61,68
ARG-63,69
GLU-64,70
ILE-65,6
PRO-66,71
SER-67,72
HIS-68,73
VAL-69,74
LEU-70,75
SER-71,76
LYS-72,77
VAL-73,78
CYS-74,79
MET-75,79
TYR-76,80
PHE-77,81
THR-78,82
TYR-79,83
LYS-80,84
VAL-81,85
ARG-82,82
TYR-83,86
ASN-85,87
SER-86,88
SER-87,89
THR-88,90
GLU-89,91
PRO-91,79
GLU-92,33
PRO-94,74
ILE-95,92
ALA-96,37
ILE-99,93
ALA-100,94
LEU-101,82
GLU-102,95
LEU-103,96
LEU-104,97
MET-105,98
ALA-106,99
ALA-107,100
ASN-108,100
PHE-109,55
LEU-110,55
ASP-111,55
CYS-112,100
ARG-60,101
PRO-61,102
VAL-62,103
LEU-63,104
ARG-64,105
SER-65,106
VAL-66,107
ASN-67,108
SER-68,109
ARG-69,110
GLU-70,111
PRO-71,112
SER-72,113
GLN-73,114
VAL-74,115
ILE-75,116
PHE-76,117
CYS-77,118
ASN-78,119
ARG-79,120
SER-80,121
PRO-81,122
VAL-83,123
VAL-84,124
LEU-85,45
PRO-86,125
VAL-87,126
TRP-88,127
LEU-89,128
ASN-90,128
PHE-91,103
ASP-92,129
GLY-93,130
GLU-94,131
PRO-95,132
GLN-96,133
TYR-98,134
PRO-99,135
THR-100,117
PRO-102,82
PRO-103,136
GLY-104,137
THR-105,82
GLY-106,138
ARG-107,139
ARG-108,140
ILE-109,141
HIS-110,142
SER-111,143
TYR-112,144
ARG-113,107
GLY-114,145
HIS-115,146
LEU-116,147
TRP-117,148
LEU-118,149
PHE-119,45
ARG-120,150
ASP-121,33
ALA-122,151
GLY-123,152
THR-124,153
HIS-125,51
ASP-126,33
GLY-127,154
LEU-128,45
LEU-129,155
VAL-130,156
ASN-131,157
GLN-132,158
THR-133,159
GLU-134,160
LEU-135,161
PHE-136,162
VAL-137,163
PRO-138,164
SER-139,143
LEU-140,165
ASN-141,166
VAL-142,44
ASP-143,167
GLY-144,168
GLN-145,114
PRO-146,169
ILE-147,0
PHE-148,118
ALA-149,170
ASN-150,118
ILE-151,118
THR-152,171
LEU-153,172
PRO-154,154
VAL-155,74
TYR-156,77
THR-157,33
LEU-158,173
LYS-159,174
GLU-160,100
ARG-161,175
CYS-162,176
LEU-163,100
GLN-164,33
VAL-165,33
VAL-166,33
ARG-167,177
SER-168,86
LEU-169,178
VAL-170,179
LYS-171,180
PRO-172,181
GLU-173,182
ASN-174,183
TYR-175,184
ARG-176,185
ARG-177,186
LEU-178,187
ASP-179,188
ILE-180,189
VAL-181,190
ARG-182,187
SER-183,191
LEU-184,192
TYR-185,193
GLU-186,100
ASP-187,100
LEU-188,100
GLU-189,100
ASP-190,194
HIS-191,195
PRO-192,100
ASN-193,194
VAL-194,196
GLN-195,197
LYS-196,45
ASP-197,45
LEU-198,198
GLU-199,199
ARG-200,200
LEU-201,201
THR-202,202
GLN-203,203
GLU-204,204
ARG-205,205
ILE-206,206
ALA-207,207
HIS-208,208
GLN-209,209
MET-561,210
LEU-562,144
ALA-563,211
TYR-565,212
ILE-566,213
PRO-567,214
MET-568,215
ASP-569,114
ASP-570,216
ASP-571,117
PHE-572,217
GLN-573,218
LEU-574,219
ARG-575,220
VAL-109,7
LYS-110,5
LEU-111,50
ILE-112,67
SER-113,6
SER-114,6
ASP-115,6
GLY-116,47
HIS-117,1
GLU-118,6
ILE-120,5
VAL-121,43
ARG-123,42
ALA-126,51
LEU-127,52
THR-128,54
SER-129,55
GLY-130,55
THR-131,55
LYS-133,58
ALA-134,59
MET-135,60
LEU-136,61
SER-137,62
ASN-140,5
PHE-144,46
ARG-145,47
SER-149,6
HIS-150,95
VAL-151,71
LEU-152,71
SER-153,72
LYS-154,74
CYS-156,75
MET-157,76
TYR-158,77
PHE-159,78
THR-160,79
TYR-161,79
LYS-162,80
VAL-163,81
ARG-164,82
TYR-165,83
THR-166,84
GLU-180,38
ILE-181,37
ALA-182,37
LEU-185,93
LEU-186,94
MET-187,82
ALA-188,95
ALA-189,96
ASN-190,97
PHE-191,98
LEU-192,99
ASP-193,100
CYS-194,100
ARG-199,103
SER-200,128
VAL-201,145
SER-203,107
SER-207,143
GLN-208,166
VAL-209,141
ILE-210,0
PHE-211,139
CYS-212,170
ASN-213,82
ARG-214,118
SER-215,119
ARG-217,33
VAL-219,82
LEU-220,150
VAL-222,149
TRP-223,133
LEU-224,147
ASN-225,131
ASP-227,128
GLY-228,128
GLU-229,128
GLN-231,127
TYR-233,125
HYP-564,125
LEU-236,124
GLY-239,119
THR-240,82
GLY-241,217
ARG-242,117
ARG-243,114
ILE-244,115
HIS-245,212
SER-246,113
ARG-248,111
GLY-249,164
HIS-250,144
TRP-252,162
LEU-253,126
ARG-255,45
ASP-256,33
ALA-257,123
GLY-258,33
THR-259,33
HIS-260,33
LEU-263,45
LEU-264,171
VAL-265,159
ASN-266,118
THR-268,156
PHE-271,148
ASN-276,114
GLN-280,44
ILE-282,114
ALA-284,116
ASN-285,157
ILE-286,118
THR-287,155
TYR-291,154
LEU-293,100
LYS-294,100
ARG-296,33
CYS-297,173
LEU-298,174
GLN-299,100
VAL-300,175
VAL-301,176
ARG-302,100
SER-303,33
LEU-304,33
VAL-305,33
GLU-308,182
ASN-309,180
TYR-310,181
ARG-311,100
ARG-312,183
LEU-313,184
ILE-315,187
LEU-319,190
TYR-320,187
GLU-321,191
ASP-322,191
LEU-323,192
GLU-324,193
ASP-325,100
HIS-326,100
GLN-330,194
LYS-331,194
ASP-332,194
LEU-333,196
GLU-334,197
ARG-335,45
LEU-336,45
THR-337,198
GLN-338,199
GLU-339,200
ARG-340,201
ILE-341,202
ALA-342,203
HIS-343,206
LEU-346,108
TYR-349,142
ASP-354,114
PHE-356,138
LEU-358,137
